-- MySQL dump 10.16  Distrib 10.1.31-MariaDB, for Linux (x86_64)
--
-- Host: localhost    Database: WService
-- ------------------------------------------------------
-- Server version	10.1.31-MariaDB

/*!40101 SET @OLD_CHARACTER_SET_CLIENT=@@CHARACTER_SET_CLIENT */;
/*!40101 SET @OLD_CHARACTER_SET_RESULTS=@@CHARACTER_SET_RESULTS */;
/*!40101 SET @OLD_COLLATION_CONNECTION=@@COLLATION_CONNECTION */;
/*!40101 SET NAMES utf8 */;
/*!40103 SET @OLD_TIME_ZONE=@@TIME_ZONE */;
/*!40103 SET TIME_ZONE='+00:00' */;
/*!40014 SET @OLD_UNIQUE_CHECKS=@@UNIQUE_CHECKS, UNIQUE_CHECKS=0 */;
/*!40014 SET @OLD_FOREIGN_KEY_CHECKS=@@FOREIGN_KEY_CHECKS, FOREIGN_KEY_CHECKS=0 */;
/*!40101 SET @OLD_SQL_MODE=@@SQL_MODE, SQL_MODE='NO_AUTO_VALUE_ON_ZERO' */;
/*!40111 SET @OLD_SQL_NOTES=@@SQL_NOTES, SQL_NOTES=0 */;

--
-- Table structure for table `estatus`
--

DROP TABLE IF EXISTS `estatus`;
/*!40101 SET @saved_cs_client     = @@character_set_client */;
/*!40101 SET character_set_client = utf8 */;
CREATE TABLE `estatus` (
  `id_status` int(11) NOT NULL,
  `descripcion` varchar(250) NOT NULL,
  PRIMARY KEY (`id_status`)
) ENGINE=InnoDB DEFAULT CHARSET=utf8;
/*!40101 SET character_set_client = @saved_cs_client */;

--
-- Dumping data for table `estatus`
--

LOCK TABLES `estatus` WRITE;
/*!40000 ALTER TABLE `estatus` DISABLE KEYS */;
INSERT INTO `estatus` VALUES (1,'Habilitado'),(2,'DesHabilitado');
/*!40000 ALTER TABLE `estatus` ENABLE KEYS */;
UNLOCK TABLES;

--
-- Table structure for table `migrations`
--

DROP TABLE IF EXISTS `migrations`;
/*!40101 SET @saved_cs_client     = @@character_set_client */;
/*!40101 SET character_set_client = utf8 */;
CREATE TABLE `migrations` (
  `id` int(10) unsigned NOT NULL AUTO_INCREMENT,
  `migration` varchar(255) COLLATE utf8mb4_unicode_ci NOT NULL,
  `batch` int(11) NOT NULL,
  PRIMARY KEY (`id`)
) ENGINE=InnoDB AUTO_INCREMENT=8 DEFAULT CHARSET=utf8mb4 COLLATE=utf8mb4_unicode_ci;
/*!40101 SET character_set_client = @saved_cs_client */;

--
-- Dumping data for table `migrations`
--

LOCK TABLES `migrations` WRITE;
/*!40000 ALTER TABLE `migrations` DISABLE KEYS */;
INSERT INTO `migrations` VALUES (1,'2014_10_12_000000_create_users_table',1),(2,'2014_10_12_100000_create_password_resets_table',1),(3,'2016_06_01_000001_create_oauth_auth_codes_table',1),(4,'2016_06_01_000002_create_oauth_access_tokens_table',1),(5,'2016_06_01_000003_create_oauth_refresh_tokens_table',1),(6,'2016_06_01_000004_create_oauth_clients_table',1),(7,'2016_06_01_000005_create_oauth_personal_access_clients_table',1);
/*!40000 ALTER TABLE `migrations` ENABLE KEYS */;
UNLOCK TABLES;

--
-- Table structure for table `oauth_access_tokens`
--

DROP TABLE IF EXISTS `oauth_access_tokens`;
/*!40101 SET @saved_cs_client     = @@character_set_client */;
/*!40101 SET character_set_client = utf8 */;
CREATE TABLE `oauth_access_tokens` (
  `id` varchar(100) COLLATE utf8mb4_unicode_ci NOT NULL,
  `user_id` int(11) DEFAULT NULL,
  `client_id` int(11) NOT NULL,
  `name` varchar(255) COLLATE utf8mb4_unicode_ci DEFAULT NULL,
  `scopes` text COLLATE utf8mb4_unicode_ci,
  `revoked` tinyint(1) NOT NULL,
  `created_at` timestamp NULL DEFAULT NULL,
  `updated_at` timestamp NULL DEFAULT NULL,
  `expires_at` datetime DEFAULT NULL,
  PRIMARY KEY (`id`),
  KEY `oauth_access_tokens_user_id_index` (`user_id`)
) ENGINE=InnoDB DEFAULT CHARSET=utf8mb4 COLLATE=utf8mb4_unicode_ci;
/*!40101 SET character_set_client = @saved_cs_client */;

--
-- Dumping data for table `oauth_access_tokens`
--

LOCK TABLES `oauth_access_tokens` WRITE;
/*!40000 ALTER TABLE `oauth_access_tokens` DISABLE KEYS */;
INSERT INTO `oauth_access_tokens` VALUES ('00d969360c116c000f5f15a55f15c0db3e1f8620c827dc04d8c5c10332bdfb6bffb73dcfaa8f8b3b',1,2,NULL,'[]',0,'2018-08-13 19:55:28','2018-08-13 19:55:28','2018-08-13 15:00:28'),('01cac6e00a756ba7b960e73ba3294d96247e65e15e2c8ee01f870b0ed5e6f538d66c5c3cd5dd6f7d',1,2,NULL,'[]',0,'2018-08-13 19:52:52','2018-08-13 19:52:52','2018-08-13 14:57:52'),('038e8ee0c40f9a3ead97eaab4490febc12fd9946b4d90ee10369afc2121695143ef37f51a59232b7',1,2,NULL,'[]',0,'2018-08-21 22:54:13','2018-08-21 22:54:13','2018-08-21 17:59:13'),('052d025bd1b4dd84a2f5a6393e61d252cab0098df7e2dc924615196ac5e05e5234eda6d62f76eb2f',1,2,NULL,'[]',0,'2018-08-13 20:06:21','2018-08-13 20:06:21','2018-08-13 15:11:21'),('077cf8d9d806e2b8979d81f4d582956d4fa045d208862432722922f40de009dd39127c77c312dd04',1,2,NULL,'[]',0,'2018-08-14 22:46:52','2018-08-14 22:46:52','2018-08-14 17:51:52'),('07a219b6ff054f7444fc1b933632830d996a492242c0bcd347178e893c8b296e3320b02bb1dfe65c',1,2,NULL,'[]',0,'2018-08-21 18:40:24','2018-08-21 18:40:24','2018-08-21 13:45:24'),('082e36249f885170cf2ebc30b0e0f4be0908354171993671ebe4d3a439edff4bf45194e817493a02',1,2,NULL,'[]',0,'2018-08-21 17:55:41','2018-08-21 17:55:41','2018-08-21 13:00:41'),('0fd2d4de8a657e7fea2ba21c32065edc1cb4e5120ea295bc7c0df5952ee3b2d471417f2cb085afe0',1,2,NULL,'[]',0,'2018-08-21 17:57:15','2018-08-21 17:57:15','2018-08-21 13:02:15'),('0ff30ac9df07ad10336eaeda9e33cb181a0b5b7dd47ba800202e062ecc670fc0a01471a8a483891e',1,2,NULL,'[]',0,'2018-08-14 23:06:31','2018-08-14 23:06:31','2018-08-14 18:11:31'),('151776291f19e51d61b53eef04adba1267e33a3fbe9ba9f91a9a5e679dddfc36b5a9427698007699',1,2,NULL,'[]',0,'2018-08-21 22:49:19','2018-08-21 22:49:19','2018-08-21 17:54:19'),('161dc798c7f4ec439ed38aec967339962adb4b11bfedd51f75b38e59d36557f387eba1f22f48d5d0',1,2,NULL,'[]',0,'2018-08-21 22:53:56','2018-08-21 22:53:56','2018-08-21 17:58:56'),('16fa03527135c3c3d25b235641cbe2fccfec41d0d205b2e0fba8beb41eb4e5250ba4722af3e080f5',1,2,NULL,'[]',0,'2018-08-21 17:59:34','2018-08-21 17:59:34','2018-08-21 13:04:34'),('178d53424ff03bb2696d1d04207e80a598b9ace48e2ecf5d4a512f82f48974d72a2ccb53659d1b08',1,2,NULL,'[]',0,'2018-08-21 21:38:34','2018-08-21 21:38:34','2018-08-21 16:43:34'),('20966134e480be9c0ff8b86bef4575e4b8401d1b48493e329e1f8ea359b59bf07e630a8097816de4',1,2,NULL,'[\"*\"]',0,'2018-08-06 19:06:13','2018-08-06 19:06:13','2018-08-06 14:08:13'),('20c1dc900613e64be058a616c2934b781097ab1c519c25b199e7d9b57a47b81bc2514a393076eaf3',1,2,NULL,'[]',0,'2018-08-14 22:51:33','2018-08-14 22:51:33','2018-08-14 17:56:33'),('23362e5746b93199b39fe878522176021bbafa46f599768f255296515a863d38eee6052138291f7e',1,2,NULL,'[]',0,'2018-08-13 20:08:01','2018-08-13 20:08:01','2018-08-13 15:13:01'),('25707f798221153ddc1320fcf0a5926736254596f98221aa78401b860de1f9271ade63bc81c24033',1,2,NULL,'[]',0,'2018-08-21 21:46:01','2018-08-21 21:46:01','2018-08-21 16:51:01'),('2d5b59ef85ff8d228eb54410f66df774028ec862ba1c3b53700ed517df0e7b10d3be5befaf78a427',1,2,NULL,'[]',0,'2018-08-21 18:03:36','2018-08-21 18:03:36','2018-08-21 13:08:36'),('2ddf6a727c9a332702d944b7e2c419f66c94353da0eeb64db94fa4f7c49a0dff43adbcb3726e096b',1,2,NULL,'[]',0,'2018-08-21 21:54:59','2018-08-21 21:54:59','2018-08-21 16:59:59'),('2eb3adedbe2569cce2c666708ad621900968076dcd3f796db722caf310787854d5fd2ab4d7377467',1,2,NULL,'[]',0,'2018-08-13 19:27:18','2018-08-13 19:27:18','2018-08-13 14:32:18'),('3280fcc4f1bbae76297771942dcf2523b65b713fb38c6368c48fa16197aa7597cb91beab85e315a2',1,2,NULL,'[]',0,'2018-08-21 18:03:39','2018-08-21 18:03:39','2018-08-21 13:08:39'),('373b7341678dd7c1769794dc3b087cce88964b20f049ace0d3df5998c0503bafcf0bc75c952db077',1,2,NULL,'[]',0,'2018-08-13 20:08:46','2018-08-13 20:08:46','2018-08-13 15:13:46'),('3871d3e56a6b3895924ba7ae687e72f5b2adcdadbed29f12715670981b8e90186bd08d216c8dd5c6',1,2,NULL,'[]',0,'2018-08-21 17:48:38','2018-08-21 17:48:38','2018-08-21 12:53:38'),('3932ac9f42b6656d34e388ea5f8f88ad03d7c7520651b8b2986f8de20c36686b0f9d44d31fa62453',1,2,NULL,'[]',0,'2018-08-21 18:33:03','2018-08-21 18:33:03','2018-08-21 13:38:03'),('3d31bcf41e5614844afcc05e6f343c7fde37fbafe89f50e224e067790c8e8ef7d03e3650a0b7af51',1,2,NULL,'[]',0,'2018-08-21 18:43:54','2018-08-21 18:43:54','2018-08-21 13:48:54'),('3edd5e8baefd41db32d2f3b47d7873a334747f85b0ac0b25e9cf5658e45c726bd64a71580a1da228',1,2,NULL,'[]',0,'2018-08-21 18:03:31','2018-08-21 18:03:31','2018-08-21 13:08:31'),('409b83f20d045fc40b16399074237e4c0503a1e854ae169bf158af7a0a791ae121927118f3376926',1,2,NULL,'[]',0,'2018-08-21 22:20:53','2018-08-21 22:20:53','2018-08-21 17:25:53'),('42051347c346868470949f9f833d3066f09ebaaed2647a6e6ae210cc3f6e854b495166b6933ac34a',1,2,NULL,'[]',0,'2018-08-21 22:49:22','2018-08-21 22:49:22','2018-08-21 17:54:22'),('42777d6fad510a0b988657a7d9e76bc333a7ad8d3bb8fec71e73a31eadb2a19f8f60ac88e1dac3eb',1,2,NULL,'[]',0,'2018-08-13 21:53:58','2018-08-13 21:53:58','2018-08-13 16:58:58'),('4422a3fe8882a067e6a878b3d859be414e12caa1b3474e36396238840ec9d9a3f5b078fd98f0cb74',1,2,NULL,'[]',0,'2018-08-21 18:33:11','2018-08-21 18:33:11','2018-08-21 13:38:11'),('4484c6a84cd18407b5ea369679b118b8ea48f67c7dfeceaa4a29c632b6d27714b424ebe2cafdfb8a',1,2,NULL,'[]',0,'2018-08-13 21:48:34','2018-08-13 21:48:34','2018-08-13 16:53:34'),('46f343e0ee2a9c9bb15e568feaf51266e60c72aaa2e923bd955050051477308e779c243d240d08e6',1,2,NULL,'[]',0,'2018-08-21 21:38:27','2018-08-21 21:38:27','2018-08-21 16:43:27'),('49828b23a14575f0d172bf545443c60c9a48be74838d9a08bbfbb556a7a225fea3ec233943598d25',1,2,NULL,'[]',0,'2018-08-21 22:52:03','2018-08-21 22:52:03','2018-08-21 17:57:03'),('4f0dc4830d15adfdeee6b268096fad0ea2d0ecec2d5f541c82fc15ee61a5d1d711bfa20fa69879d5',1,2,NULL,'[]',0,'2018-08-09 22:20:45','2018-08-09 22:20:45','2018-08-09 17:25:45'),('56564c4fab2e1150286cfb625d5574fb34893472799eac83458ee071fabaa469003120d943ebc2c9',1,2,NULL,'[]',0,'2018-08-21 17:47:40','2018-08-21 17:47:40','2018-08-21 12:52:40'),('5b8fb0999a79811c68d73b3f4d54b4f979475201abfbde7d319b230d1db42b962e04a92c615536a3',1,2,NULL,'[]',0,'2018-08-21 21:59:57','2018-08-21 21:59:57','2018-08-21 17:04:57'),('5c16bd88f2fdd67b89bed1aa768a5d34cd2750c9e49c720231a7089c050c130c1b35a1b85173cbaf',1,2,NULL,'[]',0,'2018-08-21 21:49:25','2018-08-21 21:49:25','2018-08-21 16:54:25'),('62e4a23f14fe04d746875d58facda52d1622cb48b569fa07f67b0768ac1158bf57b599466fd05672',1,2,NULL,'[]',0,'2018-08-10 19:07:27','2018-08-10 19:07:27','2018-08-10 14:12:27'),('63381e519288bd3cbd2b004b3197a8bec31a89f1b392a18f7f06294a66a5e9a22b7ae9661c557d9b',1,2,NULL,'[]',0,'2018-08-21 17:48:48','2018-08-21 17:48:48','2018-08-21 12:53:48'),('64e379ac3a87b52bdf1c378d1181cc088df50c1d31399e2dde6a126ff3be76ecfb5b2628ac81167c',1,1,'WService','[]',1,'2018-08-03 18:22:10','2018-08-03 18:22:10','2018-08-03 13:27:10'),('654e2193afaaa7c76a4cb59f21b2b3412e38acca829f968f4880ce61537810bb83e5a96e07d58267',1,2,NULL,'[]',0,'2018-08-21 17:51:53','2018-08-21 17:51:53','2018-08-21 12:56:53'),('6f3cd16ca09da76bf1f3c464cbe218b64335d6a7c94762da2f9aecc5f199935d1d7f7cd3cdca9cd5',1,2,NULL,'[]',0,'2018-08-14 23:09:23','2018-08-14 23:09:23','2018-08-14 18:14:23'),('6f9bfd822153221e0648c14e2376ab2257b352a653f144752f5d93f864ddc45c89402a89359c9b85',1,2,NULL,'[\"*\"]',0,'2018-08-06 22:10:16','2018-08-06 22:10:16','2018-08-06 17:15:16'),('739c8809cfa60999fa272465a25589ee3ec89144ebcef418bfdc711ce88a87c5a565ce349e50e8a6',1,2,NULL,'[]',0,'2018-08-21 21:38:16','2018-08-21 21:38:16','2018-08-21 16:43:16'),('74b2337935a9853e2886efa1f4407f102ceb492b4e3e226599639913fe55287ad6d7b1693d5731de',1,2,NULL,'[]',0,'2018-08-21 22:49:16','2018-08-21 22:49:16','2018-08-21 17:54:16'),('7598096b9f305767002e243aca592daeeddbbe8664647659b5be7b0d421db653da7bfa692dc97b71',1,2,NULL,'[]',0,'2018-08-14 23:10:44','2018-08-14 23:10:44','2018-08-14 18:15:44'),('7848899caec44952b54016a1212e9a965fd872dd33ae71ab33f938dd58d2f312b4f1a0b0594b34b6',1,2,NULL,'[\"*\"]',0,'2018-08-06 19:58:44','2018-08-06 19:58:44','2018-08-06 15:00:44'),('78c6333ce6c5f8e3cd47ce0321ee74242c0b655aa2a8c52cff6d491cf733df86cec461b38c6f1538',1,2,NULL,'[]',0,'2018-08-21 22:49:10','2018-08-21 22:49:10','2018-08-21 17:54:10'),('7e37fcaa8096df752c2ec2e6e438fa07479ac74309ca8c87a4c9c66bcca70da1b8de9c921a21f0b2',NULL,1,NULL,'[\"*\"]',0,'2018-08-06 19:47:42','2018-08-06 19:47:42','2019-08-06 14:47:42'),('84388be17feaba0957ca474f91ea2a63f96ab30405d0c9c27c00cdf344ce6ea4a948cc4b57906c87',1,2,NULL,'[]',0,'2018-08-14 22:26:28','2018-08-14 22:26:28','2018-08-14 17:31:28'),('84b20904ad10517d8f12243acb8c8623e0240ed2934699a23b91be88cbbb8059cb6cb483e5fe1be0',1,2,NULL,'[]',0,'2018-08-21 21:38:22','2018-08-21 21:38:22','2018-08-21 16:43:22'),('85386ab2d348cd696f8a8a8d58e8ad87703458a49d89475609a21ba8aafe3d5ed677f9957c169aad',1,2,NULL,'[]',0,'2018-08-14 23:37:10','2018-08-14 23:37:10','2018-08-14 18:42:10'),('8bf544447a17580d1fa55cfac93ea817a03039296f2892579d3cd8d03ae927186bc4021d848d527d',1,2,NULL,'[]',0,'2018-08-21 22:54:05','2018-08-21 22:54:05','2018-08-21 17:59:05'),('90d42e1ad463b5a32b6f5654f638344f460c8db895f6bed962b6f58ba6767286d7ebd19e5971a691',1,2,NULL,'[]',0,'2018-08-21 17:49:37','2018-08-21 17:49:37','2018-08-21 12:54:37'),('93ef702503397ecb7b4b2dfe9e43f40211e9934312cb3f299c73bef269c89d60cea316209db1d458',1,2,NULL,'[]',0,'2018-08-21 21:46:08','2018-08-21 21:46:08','2018-08-21 16:51:08'),('955ce1d09f7d3a3870b8af6c9119b6e275dcdff2cae6c982f7f624e7998fba7988cf06273c07d710',1,2,NULL,'[]',0,'2018-08-21 22:54:21','2018-08-21 22:54:21','2018-08-21 17:59:21'),('97b11729c8883c58bd758dbf59ab48d2db420b98f3d407ae175752691781ebdb852a1a70c552ac05',1,2,NULL,'[]',0,'2018-08-13 20:08:10','2018-08-13 20:08:10','2018-08-13 15:13:10'),('9912da745e563dd3df9c7cbe97679d7e392c96c4afb15b29de4d216530f7b9f2e358b3b199484561',1,2,NULL,'[]',0,'2018-08-21 21:37:08','2018-08-21 21:37:08','2018-08-21 16:42:08'),('9c460a9edb691d5cff8cf22d897d4c4da2168147188190d0546b35a4e794dde4363f5d06719298cd',1,2,NULL,'[]',0,'2018-08-21 18:35:50','2018-08-21 18:35:50','2018-08-21 13:40:50'),('9caca735dd610c08d20673d4026ca5073cc584251aaddf92360dbdd454b571410ccbc57733957d9e',1,2,NULL,'[]',0,'2018-08-21 21:57:50','2018-08-21 21:57:50','2018-08-21 17:02:50'),('a19484079063bfb42a8eafa1285aef425bac3b1c7fd0afd069c5ad04f157ea46b048f0fdcb46f920',1,2,NULL,'[]',0,'2018-08-21 18:33:06','2018-08-21 18:33:06','2018-08-21 13:38:06'),('a2fbd2791fb2b032b3546ee41339c725acacfedc7acc050a022ca9da97bff52afb0f4f25282c2326',1,2,NULL,'[]',0,'2018-08-21 22:21:56','2018-08-21 22:21:56','2018-08-21 17:26:56'),('a4430ed83bffa497567c8c5d5fc40e5a87e6345a6085ba475b1ac59b29ab882e818ddbdd76cc895a',1,2,NULL,'[]',0,'2018-08-21 17:41:19','2018-08-21 17:41:19','2018-08-21 12:46:19'),('a67038475d2e93294222061ac9042103c0a33ced7b91e9a8738a59f4c82f16638f6cc2399dcb97c8',1,2,NULL,'[]',0,'2018-08-09 22:27:26','2018-08-09 22:27:26','2018-08-09 17:32:26'),('a69fb8347b48d160afa473134f812565bc15ff2d5c7885e3e2a0c8f6a29cbc24d043abf0ee0ac914',1,2,NULL,'[]',0,'2018-08-21 18:33:29','2018-08-21 18:33:29','2018-08-21 13:38:29'),('a7fd64c35bbde3b588f91814fa1eb0a97e4b4577ceabe09c507983b276d82dd66a18d693ef7cbcc0',1,2,NULL,'[]',0,'2018-08-21 22:22:17','2018-08-21 22:22:17','2018-08-21 17:27:16'),('a930f3e3e4349f51c0f33c8454b23bb56ee52b3101b1ecf136bd50d0e6a25c83dc82de9e47740fbb',1,2,NULL,'[\"*\"]',0,'2018-08-06 19:49:42','2018-08-06 19:49:42','2018-08-06 14:51:42'),('ac1420ff347df3b82afdde1b94950e1e44278b84b7d54bef4c401f2206c8a91b0bb6e55fe1dfe44c',1,2,NULL,'[]',0,'2018-08-21 17:54:34','2018-08-21 17:54:34','2018-08-21 12:59:34'),('ad5c634fb0c4de2c1035eb06e5aece1bdebeb0e12e7f7e5f8f4c5bbb6d9d398a225b680c3dddb568',1,2,NULL,'[]',0,'2018-08-21 21:49:16','2018-08-21 21:49:16','2018-08-21 16:54:16'),('af2a60a90364e2af9dfc0ec469dc0dbdb56e95a92662aa179b79040f6a2e2b538f01d64b8cb68229',1,2,NULL,'[\"*\"]',0,'2018-08-13 21:39:30','2018-08-13 21:39:30','2018-08-13 16:44:30'),('af4e4cedfad37009fa82884ab769b3f514bd295b35f454b704d9f3138616bba44419220366514c21',1,2,NULL,'[]',0,'2018-08-21 17:54:21','2018-08-21 17:54:21','2018-08-21 12:59:21'),('b1258491a5ee769da321b87f0172518f9c31c11b87458d10d4ed969ef4f43f249e55051c8c5ddecd',1,2,NULL,'[]',0,'2018-08-21 17:57:23','2018-08-21 17:57:23','2018-08-21 13:02:23'),('b2642c2e1ee839ebe4c05fe5ac944e52602af8861c3adaf1a270968b40c03e5f2726a56c2117d8ca',1,2,NULL,'[]',0,'2018-08-14 22:52:43','2018-08-14 22:52:43','2018-08-14 17:57:43'),('b694b47d47be5831cf8b98823173ca886204b0268d5bebc0374cf0dadd2f051c86dbfe374830b0da',1,2,NULL,'[]',0,'2018-08-14 22:19:26','2018-08-14 22:19:26','2018-08-14 17:24:26'),('b7bb1cac2450aadd5f554c4d395e4779251890b57b24dff11719edf552d7b2a9429bcf0d00f6db5c',1,2,NULL,'[]',0,'2018-08-21 18:40:17','2018-08-21 18:40:17','2018-08-21 13:45:17'),('bcf57940e4ba506eedcd5623da012710050e8ec32184f747f73003b7c48c8a8fe4bf8f6aca9c64e0',1,2,NULL,'[]',0,'2018-08-21 17:56:58','2018-08-21 17:56:58','2018-08-21 13:01:58'),('c0769c9085695366dbf6f784f76e21ef4364a235a65ecb581680c7229241c428c56501c458ed4e81',NULL,1,NULL,'[\"*\"]',0,'2018-08-06 19:49:13','2018-08-06 19:49:13','2019-08-06 14:49:13'),('c186010e1b85fd6777059ca8f7fb8c0d9c09f8db32793d32dc587b4813654b4dc803c68f571c03b1',1,2,NULL,'[]',0,'2018-08-21 21:52:45','2018-08-21 21:52:45','2018-08-21 16:57:45'),('c254b872576cbfbfa569b96d450ebe3aa14fcc4b23d113e68f7dbd91de2678e45d4b696fbe884f4e',1,2,NULL,'[]',0,'2018-08-21 18:27:02','2018-08-21 18:27:02','2018-08-21 13:32:02'),('c279178515ef5deae3c14d5997cd302afdd94ac7ab49c51c6cf52be7c77f081588e14e5b24fb460a',1,2,NULL,'[]',0,'2018-08-14 23:27:47','2018-08-14 23:27:47','2018-08-14 18:32:47'),('c47f5ed06b4873dd18873ec890bfc9cb0395f008c2148c644f5494199d9ea5772662f8f9c5015989',1,2,NULL,'[]',0,'2018-08-14 22:27:48','2018-08-14 22:27:48','2018-08-14 17:32:48'),('c4c4b2d6faafeaa9911b97568452208e99c6a50bbf8f08912ff5cddb23989757fe5368962284c91c',1,2,NULL,'[]',0,'2018-08-21 17:55:27','2018-08-21 17:55:27','2018-08-21 13:00:27'),('cbfc6a8675591dcababaa88da0980db19b098f5575d907c9a636694e30938108e681669919a662c6',1,2,NULL,'[\"*\"]',0,'2018-08-13 19:42:27','2018-08-13 19:42:27','2018-08-13 14:47:27'),('cc946dc44613997f26791570b667c55b05683302114e7b1f7cc1a715fe6fcf7faa2d732f3f718de1',1,2,NULL,'[]',0,'2018-08-21 21:36:21','2018-08-21 21:36:21','2018-08-21 16:41:21'),('d5cbc7a32235a51285c53468df32a20849c9861fd603a15baaf534a341a76df246750b26049125f6',1,2,NULL,'[]',0,'2018-08-21 22:20:31','2018-08-21 22:20:31','2018-08-21 17:25:31'),('d5d65d0120a398fc0adb767710b5670665a91aade82e43c23c5064a20f330d30808b5373ec1588eb',1,2,NULL,'[]',0,'2018-08-21 22:49:00','2018-08-21 22:49:00','2018-08-21 17:54:00'),('dea550bc9e152f22956ff598ec29cd01ff9e56b3ac27530fd5e7e367b8416afd116b0d9fe2185a2a',1,2,NULL,'[\"*\"]',0,'2018-08-13 19:41:37','2018-08-13 19:41:37','2018-08-13 14:46:37'),('e08b4c2a33128cadac212e0835deb05027c7f56d09ab34e88154c42dd2b98d45fdc6a5d3bec93c11',1,2,NULL,'[]',0,'2018-08-21 17:52:05','2018-08-21 17:52:05','2018-08-21 12:57:05'),('e18d8be5d255dde5f42a7b2bf644dc6561d376dbb97d36e6402f311fbd97756bde4734d67986a7e6',1,2,NULL,'[]',0,'2018-08-14 23:02:27','2018-08-14 23:02:27','2018-08-14 18:07:27'),('e1a718b84b9d75e8076779a06f5c93e0506f43b00bb237d299e6aace24e33db5f951bc9797cdcf8b',1,2,NULL,'[]',0,'2018-08-21 21:36:35','2018-08-21 21:36:35','2018-08-21 16:41:35'),('e539b22bda64d5d2a8c9bb4c90c1e8b636477fff1c4316cc1ebaf02a35705230f65b1398527ef970',1,2,NULL,'[]',0,'2018-08-21 17:57:08','2018-08-21 17:57:08','2018-08-21 13:02:08'),('e6e5c6fb02fb0d53c66bbc905130f276bab6430cba162cee2dd0e369cc734a220dc9650693cbd2c4',1,2,NULL,'[]',0,'2018-08-21 18:40:11','2018-08-21 18:40:11','2018-08-21 13:45:11'),('e8b66e7779d8a3e7111b4dfce19d647e79c1370ba2af31bcb6a4cb35cf3031d6076294d657ab7beb',1,2,NULL,'[]',0,'2018-08-14 22:23:45','2018-08-14 22:23:45','2018-08-14 17:28:45'),('ea71a9419d821a97aff43efa0ef353fca36158be6d34867347dbd8f17640511b8aefe96789ce06dd',1,2,NULL,'[\"*\"]',0,'2018-08-09 18:38:11','2018-08-09 18:38:11','2018-08-09 13:43:11'),('f1268ce54377b1ac39373d0b97be8738506fcecbc4b8aecae81bf64f201d423830e54c9be0eb0907',1,2,NULL,'[]',0,'2018-08-21 18:41:12','2018-08-21 18:41:12','2018-08-21 13:46:12'),('f53d9f5a95cc65ab017eb3bf76bbce83f48699f93457698588ae81d4ea1acdf3c946466be4234900',1,2,NULL,'[]',0,'2018-08-21 17:47:47','2018-08-21 17:47:47','2018-08-21 12:52:47'),('f5638a685946caa36a308f1da2585fa8aa0a8d42a3b274b9167ddf72ba8bcd4f2e153962e6729f2d',1,2,NULL,'[]',0,'2018-08-21 21:47:26','2018-08-21 21:47:26','2018-08-21 16:52:26'),('f5a1f9c66e6213f82ae28873015a2b42948427c17f8a8aaefcefbbafd997b9897b0701b7aca6168b',1,2,NULL,'[]',0,'2018-08-21 17:57:11','2018-08-21 17:57:11','2018-08-21 13:02:11'),('f696c82466be6d3b54cb0e5f94cb63fcc161cd1825ead3bbb33ec066a7c2f3cd3186146c04e8727b',1,2,NULL,'[]',0,'2018-08-13 20:08:05','2018-08-13 20:08:05','2018-08-13 15:13:05'),('f6ebb2893b129eb1876dd84f262715170829a425141dfe17a7a564584f91fe459f9426c57bcba73c',1,2,NULL,'[]',0,'2018-08-13 21:59:06','2018-08-13 21:59:06','2018-08-13 17:04:06'),('f7118b32253534505520ef097c9c2a5179d38fad1b25531e29f2e43036fd67c77b49e2e7471d7825',1,2,NULL,'[]',0,'2018-08-13 21:12:14','2018-08-13 21:12:14','2018-08-13 16:17:14'),('f71abd7e51a282d684a188ea1fa596f612efb3db19133faf2997e57d4e77f676934a6a0144a6b31c',1,2,NULL,'[]',0,'2018-08-14 22:44:13','2018-08-14 22:44:13','2018-08-14 17:49:13'),('f833796f081fa3170ef7776fe760afdbbc633b76df8b45132696b17522e545a177c8f6dfb064549b',1,2,NULL,'[]',0,'2018-08-14 23:08:12','2018-08-14 23:08:12','2018-08-14 18:13:12'),('fae44899eafeef58641cbbd6ad14e2e3cfc0e24647ba6ebe62af02c870594ff9a02ca2e751f2866f',1,2,NULL,'[]',0,'2018-08-14 23:27:44','2018-08-14 23:27:44','2018-08-14 18:32:44'),('fba9ebd2ae6184e807a529fd78ef1049f90616bed9a566ae4903e6e058e0601b0f5a73af0fbce35b',1,2,NULL,'[]',0,'2018-08-21 22:51:47','2018-08-21 22:51:47','2018-08-21 17:56:47'),('ff0134cb6b73e7760112828e8d626560b3c418bcd9d84a54e6fd6934390011919127c680cd16a6ce',1,2,NULL,'[]',0,'2018-08-21 17:59:36','2018-08-21 17:59:36','2018-08-21 13:04:36'),('ff5d762cb399e0a38916449d4822161194248df0145847809542174d5b99edc8c37ec341b769fda1',1,2,NULL,'[]',0,'2018-08-21 17:54:55','2018-08-21 17:54:55','2018-08-21 12:59:55');
/*!40000 ALTER TABLE `oauth_access_tokens` ENABLE KEYS */;
UNLOCK TABLES;

--
-- Table structure for table `oauth_auth_codes`
--

DROP TABLE IF EXISTS `oauth_auth_codes`;
/*!40101 SET @saved_cs_client     = @@character_set_client */;
/*!40101 SET character_set_client = utf8 */;
CREATE TABLE `oauth_auth_codes` (
  `id` varchar(100) COLLATE utf8mb4_unicode_ci NOT NULL,
  `user_id` int(11) NOT NULL,
  `client_id` int(11) NOT NULL,
  `scopes` text COLLATE utf8mb4_unicode_ci,
  `revoked` tinyint(1) NOT NULL,
  `expires_at` datetime DEFAULT NULL,
  PRIMARY KEY (`id`)
) ENGINE=InnoDB DEFAULT CHARSET=utf8mb4 COLLATE=utf8mb4_unicode_ci;
/*!40101 SET character_set_client = @saved_cs_client */;

--
-- Dumping data for table `oauth_auth_codes`
--

LOCK TABLES `oauth_auth_codes` WRITE;
/*!40000 ALTER TABLE `oauth_auth_codes` DISABLE KEYS */;
/*!40000 ALTER TABLE `oauth_auth_codes` ENABLE KEYS */;
UNLOCK TABLES;

--
-- Table structure for table `oauth_clients`
--

DROP TABLE IF EXISTS `oauth_clients`;
/*!40101 SET @saved_cs_client     = @@character_set_client */;
/*!40101 SET character_set_client = utf8 */;
CREATE TABLE `oauth_clients` (
  `id` int(10) unsigned NOT NULL AUTO_INCREMENT,
  `user_id` int(11) DEFAULT NULL,
  `name` varchar(255) COLLATE utf8mb4_unicode_ci NOT NULL,
  `secret` varchar(100) COLLATE utf8mb4_unicode_ci NOT NULL,
  `redirect` text COLLATE utf8mb4_unicode_ci NOT NULL,
  `personal_access_client` tinyint(1) NOT NULL,
  `password_client` tinyint(1) NOT NULL,
  `revoked` tinyint(1) NOT NULL,
  `created_at` timestamp NULL DEFAULT NULL,
  `updated_at` timestamp NULL DEFAULT NULL,
  PRIMARY KEY (`id`),
  KEY `oauth_clients_user_id_index` (`user_id`)
) ENGINE=InnoDB AUTO_INCREMENT=3 DEFAULT CHARSET=utf8mb4 COLLATE=utf8mb4_unicode_ci;
/*!40101 SET character_set_client = @saved_cs_client */;

--
-- Dumping data for table `oauth_clients`
--

LOCK TABLES `oauth_clients` WRITE;
/*!40000 ALTER TABLE `oauth_clients` DISABLE KEYS */;
INSERT INTO `oauth_clients` VALUES (1,NULL,'Laravel Personal Access Client','HdyPNiiIKK2CviMNA1aIReW14l6qIjEyDh6r5eTh','http://localhost',1,0,0,'2018-08-03 03:04:30','2018-08-03 03:04:30'),(2,NULL,'Laravel Password Grant Client','j2owpWmvEICfD4IoeyqMAyuPSlgLfq3iVmsDuW1x','http://localhost',0,1,0,'2018-08-03 03:04:30','2018-08-03 03:04:30');
/*!40000 ALTER TABLE `oauth_clients` ENABLE KEYS */;
UNLOCK TABLES;

--
-- Table structure for table `oauth_personal_access_clients`
--

DROP TABLE IF EXISTS `oauth_personal_access_clients`;
/*!40101 SET @saved_cs_client     = @@character_set_client */;
/*!40101 SET character_set_client = utf8 */;
CREATE TABLE `oauth_personal_access_clients` (
  `id` int(10) unsigned NOT NULL AUTO_INCREMENT,
  `client_id` int(11) NOT NULL,
  `created_at` timestamp NULL DEFAULT NULL,
  `updated_at` timestamp NULL DEFAULT NULL,
  PRIMARY KEY (`id`),
  KEY `oauth_personal_access_clients_client_id_index` (`client_id`)
) ENGINE=InnoDB AUTO_INCREMENT=2 DEFAULT CHARSET=utf8mb4 COLLATE=utf8mb4_unicode_ci;
/*!40101 SET character_set_client = @saved_cs_client */;

--
-- Dumping data for table `oauth_personal_access_clients`
--

LOCK TABLES `oauth_personal_access_clients` WRITE;
/*!40000 ALTER TABLE `oauth_personal_access_clients` DISABLE KEYS */;
INSERT INTO `oauth_personal_access_clients` VALUES (1,1,'2018-08-03 03:04:30','2018-08-03 03:04:30');
/*!40000 ALTER TABLE `oauth_personal_access_clients` ENABLE KEYS */;
UNLOCK TABLES;

--
-- Table structure for table `oauth_refresh_tokens`
--

DROP TABLE IF EXISTS `oauth_refresh_tokens`;
/*!40101 SET @saved_cs_client     = @@character_set_client */;
/*!40101 SET character_set_client = utf8 */;
CREATE TABLE `oauth_refresh_tokens` (
  `id` varchar(100) COLLATE utf8mb4_unicode_ci NOT NULL,
  `access_token_id` varchar(100) COLLATE utf8mb4_unicode_ci NOT NULL,
  `revoked` tinyint(1) NOT NULL,
  `expires_at` datetime DEFAULT NULL,
  PRIMARY KEY (`id`),
  KEY `oauth_refresh_tokens_access_token_id_index` (`access_token_id`)
) ENGINE=InnoDB DEFAULT CHARSET=utf8mb4 COLLATE=utf8mb4_unicode_ci;
/*!40101 SET character_set_client = @saved_cs_client */;

--
-- Dumping data for table `oauth_refresh_tokens`
--

LOCK TABLES `oauth_refresh_tokens` WRITE;
/*!40000 ALTER TABLE `oauth_refresh_tokens` DISABLE KEYS */;
INSERT INTO `oauth_refresh_tokens` VALUES ('0327492958181fc5341421a6b3c453430af0adbf88219031766112b129b27eda7f742c1c798afa93','e6e5c6fb02fb0d53c66bbc905130f276bab6430cba162cee2dd0e369cc734a220dc9650693cbd2c4',0,'2018-08-21 13:45:11'),('0418d8caaef679863d554c111f0dfed909c85b5c020c43b18adc5c1fae6e8a82a91ed7b9c7bd81b2','20c1dc900613e64be058a616c2934b781097ab1c519c25b199e7d9b57a47b81bc2514a393076eaf3',0,'2018-08-14 17:56:33'),('0832c89e56cf32aa658b0e0fe82bd4ed4bc42f24809b1946cf8fb41448e343a75b3eb1fe174ef617','052d025bd1b4dd84a2f5a6393e61d252cab0098df7e2dc924615196ac5e05e5234eda6d62f76eb2f',0,'2018-08-13 15:11:21'),('0b132ae4fc8be53c76a2553f73a52bdab9ac32aef4d2f8234865c6d8c2fb20f83760e4c7719f53b4','93ef702503397ecb7b4b2dfe9e43f40211e9934312cb3f299c73bef269c89d60cea316209db1d458',0,'2018-08-21 16:51:08'),('0b906a73f62cab71e41ac64334b57c37bf5f73e95095f491e522c92091e2554a9ac8f0e4a7730e0c','07a219b6ff054f7444fc1b933632830d996a492242c0bcd347178e893c8b296e3320b02bb1dfe65c',0,'2018-08-21 13:45:24'),('0cd8cda5e96b5d1077cb6979f3125fc5b4054843d42da92cee56babf6b29256ba8177d525aa4173f','cc946dc44613997f26791570b667c55b05683302114e7b1f7cc1a715fe6fcf7faa2d732f3f718de1',0,'2018-08-21 16:41:21'),('0dfd48918d491f6450821ca3a352e4e40f6fa814a60e00a05c6cc9b24d9f9930ab4aa39dd2bf8708','f5a1f9c66e6213f82ae28873015a2b42948427c17f8a8aaefcefbbafd997b9897b0701b7aca6168b',0,'2018-08-21 13:02:11'),('0ee4881699a9eaa760b0ab603a782c40dd6924db4e70cbecba24038586c03b1ce1219ef5f40351e6','739c8809cfa60999fa272465a25589ee3ec89144ebcef418bfdc711ce88a87c5a565ce349e50e8a6',0,'2018-08-21 16:43:16'),('0f1419f2d462ac52feec8c56fe0bfd9b46ffa235f09f790228a5e0258b3c22a9abb2f9ce1c4d3af7','78c6333ce6c5f8e3cd47ce0321ee74242c0b655aa2a8c52cff6d491cf733df86cec461b38c6f1538',0,'2018-08-21 17:54:10'),('106e5282be984c860eee8d9fe579c2ab28b15af2203725f96036de50c44580664af853af91d8b5c6','f696c82466be6d3b54cb0e5f94cb63fcc161cd1825ead3bbb33ec066a7c2f3cd3186146c04e8727b',0,'2018-08-13 15:13:05'),('1140b82bbb295a6f48b4c1413830cc78e60a11c0cbf1e9636285552a59ce0d97a4e12bfd885c16c8','077cf8d9d806e2b8979d81f4d582956d4fa045d208862432722922f40de009dd39127c77c312dd04',0,'2018-08-14 17:51:52'),('123d9b9b86bad92c5dc14ad52f2bfe5c077d267bc4531d5759da2078d56e86aeb416bb3edfc2dd81','6f3cd16ca09da76bf1f3c464cbe218b64335d6a7c94762da2f9aecc5f199935d1d7f7cd3cdca9cd5',0,'2018-08-14 18:14:23'),('146a3feb5898d25a6987ef228582346a37515d05663e70118e90ba5944ed311fff95598c2d079794','178d53424ff03bb2696d1d04207e80a598b9ace48e2ecf5d4a512f82f48974d72a2ccb53659d1b08',0,'2018-08-21 16:43:34'),('14f95250e1e51aafa4654f420e05090a7b0072ec1839d60516419b4273b6b1f4d961393ede48fc84','654e2193afaaa7c76a4cb59f21b2b3412e38acca829f968f4880ce61537810bb83e5a96e07d58267',0,'2018-08-21 12:56:53'),('15ef627ae3e57e698f8345d22c01f0ab51566cbccf99e14ab5d1f129a291a375bb4743cd2322c73f','9caca735dd610c08d20673d4026ca5073cc584251aaddf92360dbdd454b571410ccbc57733957d9e',0,'2018-08-21 17:02:50'),('1b8163bef87758baa6de1f5d70a47d01fbbeead80fd3806841e1afc625701e20ee46677b6de9a4c0','25707f798221153ddc1320fcf0a5926736254596f98221aa78401b860de1f9271ade63bc81c24033',0,'2018-08-21 16:51:01'),('1ec476ea8446fa24f75598bab9f0a77e1c886b9c33b32804ea95f2814347d8ead34b1bb3bd452b23','fba9ebd2ae6184e807a529fd78ef1049f90616bed9a566ae4903e6e058e0601b0f5a73af0fbce35b',0,'2018-08-21 17:56:47'),('2995e75d52d9fc78aedb82419638388a1e280330ecf7891f481c991ac26212a802f20d94107f87f6','85386ab2d348cd696f8a8a8d58e8ad87703458a49d89475609a21ba8aafe3d5ed677f9957c169aad',0,'2018-08-14 18:42:10'),('3453d24a7b98e83f41ef9ab4cc5e829b691dd54c7a60eaf653b6306a4168bd2c18ecde8abfa9739c','f5638a685946caa36a308f1da2585fa8aa0a8d42a3b274b9167ddf72ba8bcd4f2e153962e6729f2d',0,'2018-08-21 16:52:26'),('373915c711685c112ca24dca187e8eb54f6308bd286760a5fcd51aeeeb7550322c6918e261043fa0','f71abd7e51a282d684a188ea1fa596f612efb3db19133faf2997e57d4e77f676934a6a0144a6b31c',0,'2018-08-14 17:49:13'),('38fbf2ca5ebca283cc746236566cd2e0b62855ca48858284ca518ae119697d8b58121300076b6ef8','4422a3fe8882a067e6a878b3d859be414e12caa1b3474e36396238840ec9d9a3f5b078fd98f0cb74',0,'2018-08-21 13:38:11'),('3af597cf7f70dcb05a193c67cb54796e4122d7be1d3e215515b964f4facf3639cfd6f6359313a6a5','cbfc6a8675591dcababaa88da0980db19b098f5575d907c9a636694e30938108e681669919a662c6',0,'2018-08-13 14:47:27'),('3bbb078186c1f96c03b15c6e8eeb7ec4b859ed45a195fe8aab02aff539d1fb5c6ce2cd3150b5484c','b1258491a5ee769da321b87f0172518f9c31c11b87458d10d4ed969ef4f43f249e55051c8c5ddecd',0,'2018-08-21 13:02:23'),('3bfd3ba0f73dc245679cd0f3806c5a3a0d64b4b00c804c349902f6ce75c298c4502e5a4f0fe60660','ac1420ff347df3b82afdde1b94950e1e44278b84b7d54bef4c401f2206c8a91b0bb6e55fe1dfe44c',0,'2018-08-21 12:59:34'),('4a0934f8241d581dba15c2ba6adde019a64fd597218b3ca6a3f4c89eccfcd938f95749d86eb8f993','2d5b59ef85ff8d228eb54410f66df774028ec862ba1c3b53700ed517df0e7b10d3be5befaf78a427',0,'2018-08-21 13:08:36'),('538fd553b53ece0e3698d3a8e14326e49a1e757037513e9ea68fdb24a9b7dd3a4690482d77f6e877','a4430ed83bffa497567c8c5d5fc40e5a87e6345a6085ba475b1ac59b29ab882e818ddbdd76cc895a',0,'2018-08-21 12:46:19'),('5afcc9ff1e946b58686e3ff23288801aedcddf82c64b1238ba1628bdc441d949bc79d4cccc7f255a','20966134e480be9c0ff8b86bef4575e4b8401d1b48493e329e1f8ea359b59bf07e630a8097816de4',0,'2018-08-06 14:08:13'),('5bb6d13e974a78f57e9495af9086ef9995b3b8ba22535343d67088f97ce5f8d0155da4cc53a63b4e','d5d65d0120a398fc0adb767710b5670665a91aade82e43c23c5064a20f330d30808b5373ec1588eb',0,'2018-08-21 17:54:00'),('5bf9552b336960c29f4cb48b98b62d0a4e2c596d6ed7999852b48bb9298cf9fb94a220c798593b48','af4e4cedfad37009fa82884ab769b3f514bd295b35f454b704d9f3138616bba44419220366514c21',0,'2018-08-21 12:59:21'),('5ec520d05cde2f1b171ab0e32edc4280a7262215cd2dc15c9ad09912dc8ace64d006121e3872648a','63381e519288bd3cbd2b004b3197a8bec31a89f1b392a18f7f06294a66a5e9a22b7ae9661c557d9b',0,'2018-08-21 12:53:48'),('616d2f9995380ab7c9cd49f7a49fd8d216c2d1d20cca90ea2d9befddd388d6ae54b1f18f081c809e','84b20904ad10517d8f12243acb8c8623e0240ed2934699a23b91be88cbbb8059cb6cb483e5fe1be0',0,'2018-08-21 16:43:22'),('61df15694b8e07b3318b5a84f2ad88cf89c9d6a59caf715a98aa41fea79a36494cc5620e8d3a599b','ff0134cb6b73e7760112828e8d626560b3c418bcd9d84a54e6fd6934390011919127c680cd16a6ce',0,'2018-08-21 13:04:36'),('62c49c0a74c862ef6ddd60b4ee38bca97a7907858f4908a2d54d824150ddbfa476f3e77fcde845dc','fae44899eafeef58641cbbd6ad14e2e3cfc0e24647ba6ebe62af02c870594ff9a02ca2e751f2866f',0,'2018-08-14 18:32:44'),('642e241189077f4dd2b3c68f30fbcd18bfcbc6eb64b97220ff3bb7833d85d88c469e68f6702a1aea','b694b47d47be5831cf8b98823173ca886204b0268d5bebc0374cf0dadd2f051c86dbfe374830b0da',0,'2018-08-14 17:24:26'),('66011b94a0fb1033136bf20757c8f60631b763ee6f693ff9e06cc11c8bea2d7a6c31bba0bd570212','151776291f19e51d61b53eef04adba1267e33a3fbe9ba9f91a9a5e679dddfc36b5a9427698007699',0,'2018-08-21 17:54:19'),('69e1393f4bb741c82bb4737151855ad6f2cd3da884b162ffdcdbe6c3261c43b238fecd1b9c3795d9','ff5d762cb399e0a38916449d4822161194248df0145847809542174d5b99edc8c37ec341b769fda1',0,'2018-08-21 12:59:55'),('69e51947d25f76bb4a834ef46b28a5983b7b60849da2e86b238e482929f666d5e2df661457e11bad','409b83f20d045fc40b16399074237e4c0503a1e854ae169bf158af7a0a791ae121927118f3376926',0,'2018-08-21 17:25:53'),('6c1b503bf56f93b234f4ed6014e12ee30878235e91efe8854571912be4677b75b1f68ab7c4b4bd16','5b8fb0999a79811c68d73b3f4d54b4f979475201abfbde7d319b230d1db42b962e04a92c615536a3',0,'2018-08-21 17:04:57'),('6c6087e6b7b5f7d864160a34d15f6080f02423856983ec455334ea5553d1fda1d96907022741c48c','84388be17feaba0957ca474f91ea2a63f96ab30405d0c9c27c00cdf344ce6ea4a948cc4b57906c87',0,'2018-08-14 17:31:28'),('724802d7ff5546637c87d58a5d61a5e517ab0a73ce13bc21edfcaee35384bcaa13df4fb7d754ea8c','038e8ee0c40f9a3ead97eaab4490febc12fd9946b4d90ee10369afc2121695143ef37f51a59232b7',0,'2018-08-21 17:59:13'),('72d2fe41f255d93a068f57bd803bccf24a40e61df978590b804fd87e3f90ed746bd8ef05c6749c65','ea71a9419d821a97aff43efa0ef353fca36158be6d34867347dbd8f17640511b8aefe96789ce06dd',0,'2018-08-09 13:43:11'),('743bf19b595b26007c2a615735d2ad9be37b9da2d8b6350150808d8c792435ac3c123858236f617f','161dc798c7f4ec439ed38aec967339962adb4b11bfedd51f75b38e59d36557f387eba1f22f48d5d0',0,'2018-08-21 17:58:56'),('7668d430f940faf901c19d48efb6e42974e48b00ddd033e7282b3c0944ac5d4a834314eba3e3f720','62e4a23f14fe04d746875d58facda52d1622cb48b569fa07f67b0768ac1158bf57b599466fd05672',0,'2018-08-10 14:12:27'),('77d51017e9941b831478a1695b5943ccb8553ff53dd9827dc4d89ed9ead96dd86e6197cc66a9a7d7','3280fcc4f1bbae76297771942dcf2523b65b713fb38c6368c48fa16197aa7597cb91beab85e315a2',0,'2018-08-21 13:08:39'),('78f61cd010efe38c77a41c351d24738f6db15810a481247f243f9bf7f0800d0b8522171f879b9653','e8b66e7779d8a3e7111b4dfce19d647e79c1370ba2af31bcb6a4cb35cf3031d6076294d657ab7beb',0,'2018-08-14 17:28:45'),('7e1ca9905ee722f0318b7bede6db5e30fc61282d054af8552bc46946b7e9be5729f7c24fec8e079c','c254b872576cbfbfa569b96d450ebe3aa14fcc4b23d113e68f7dbd91de2678e45d4b696fbe884f4e',0,'2018-08-21 13:32:02'),('843fef2e60c19cf3554a3544098acea7e35f98da0148299e2257635ac509fdcbe198c8f44353bb05','f1268ce54377b1ac39373d0b97be8738506fcecbc4b8aecae81bf64f201d423830e54c9be0eb0907',0,'2018-08-21 13:46:12'),('85c68141e1b3232e3d5dfc403117ea808ab88a45d12037ce4f6e2ee22a58375d004e7ce26d310987','56564c4fab2e1150286cfb625d5574fb34893472799eac83458ee071fabaa469003120d943ebc2c9',0,'2018-08-21 12:52:40'),('8b4e997bce85b812086bc32c336bb06aada67a8a4e3f45440834cacdcdc7f11f55d1359d84faab4f','bcf57940e4ba506eedcd5623da012710050e8ec32184f747f73003b7c48c8a8fe4bf8f6aca9c64e0',0,'2018-08-21 13:01:58'),('8c4cacf5a949adc0c62ea0be5eb094f92e27d53ee509cb3a2dcaf7c4dd4ed52d477d955766390c11','42777d6fad510a0b988657a7d9e76bc333a7ad8d3bb8fec71e73a31eadb2a19f8f60ac88e1dac3eb',0,'2018-08-13 16:58:58'),('8c767043e60fff44df76fdab2dad857af499537b635b72d9f4009f0e917cd55d5ef783c8afe9b04b','16fa03527135c3c3d25b235641cbe2fccfec41d0d205b2e0fba8beb41eb4e5250ba4722af3e080f5',0,'2018-08-21 13:04:34'),('8cde1ef4af810bf38de2629cead4b4bd0a65e5f193292cb98247544d1c58cf12c6662265623c2baa','97b11729c8883c58bd758dbf59ab48d2db420b98f3d407ae175752691781ebdb852a1a70c552ac05',0,'2018-08-13 15:13:10'),('98685dd568952840fb8b050db8a621cf920eeafdc89dcc0cef9b5c56b5ed7f75cf665cce0592de23','9c460a9edb691d5cff8cf22d897d4c4da2168147188190d0546b35a4e794dde4363f5d06719298cd',0,'2018-08-21 13:40:50'),('99cef0c736322e9000ea1436366e4c8b2edecff25661edcfb3acdc85ddd887b394d9f86c6422d224','b7bb1cac2450aadd5f554c4d395e4779251890b57b24dff11719edf552d7b2a9429bcf0d00f6db5c',0,'2018-08-21 13:45:17'),('9ae5cb84cbc9fcc26c21c30b08be88d1af902d5a84f709942fa48f1776dfc0646497111b479e4977','3d31bcf41e5614844afcc05e6f343c7fde37fbafe89f50e224e067790c8e8ef7d03e3650a0b7af51',0,'2018-08-21 13:48:54'),('9c93808d1b03ca276bc3035fbac0ee8eaa69cbf332d0831b4d915dcee35d1ce5808dca359e3b2bd1','42051347c346868470949f9f833d3066f09ebaaed2647a6e6ae210cc3f6e854b495166b6933ac34a',0,'2018-08-21 17:54:22'),('9cb7c19888166a2cdb139596c41671cbc7a405366595d4ef77c9c44b16d8a5863c2344c9686e6646','01cac6e00a756ba7b960e73ba3294d96247e65e15e2c8ee01f870b0ed5e6f538d66c5c3cd5dd6f7d',0,'2018-08-13 14:57:52'),('9dc4a90a316114a02047e7bf0fec25bfcf50dfbaedc2940905dcd15fe5efca583e6a0fc752e67f95','f53d9f5a95cc65ab017eb3bf76bbce83f48699f93457698588ae81d4ea1acdf3c946466be4234900',0,'2018-08-21 12:52:47'),('9f7c144d382f35db249f258a0ddd344b1ee2cb5c36c9a681c77f0f650a919ab1e9c5a559f2be12de','4f0dc4830d15adfdeee6b268096fad0ea2d0ecec2d5f541c82fc15ee61a5d1d711bfa20fa69879d5',0,'2018-08-09 17:25:45'),('a1b341eb51e5fdcf76921d299896df35a269e8e64143ca5bea845d019e20b2cc1f79660321e2a67f','7848899caec44952b54016a1212e9a965fd872dd33ae71ab33f938dd58d2f312b4f1a0b0594b34b6',0,'2018-08-06 15:00:44'),('a365f3a46565886c99bd940ac5f3a95aa8fbd1ba705855767553b93847001d547867a2f3d44740c3','8bf544447a17580d1fa55cfac93ea817a03039296f2892579d3cd8d03ae927186bc4021d848d527d',0,'2018-08-21 17:59:05'),('a59e67cba536dc20fa5ec17005218434dfd8c0120d06cd8ef7e0397bd24e293ea287c58f1e4c05b4','dea550bc9e152f22956ff598ec29cd01ff9e56b3ac27530fd5e7e367b8416afd116b0d9fe2185a2a',0,'2018-08-13 14:46:37'),('a600568edb9abcca2c4a09705354afe6dd316f0a36cd6695708dd206a5b9f04924fd2ec22d93e4c0','ad5c634fb0c4de2c1035eb06e5aece1bdebeb0e12e7f7e5f8f4c5bbb6d9d398a225b680c3dddb568',0,'2018-08-21 16:54:16'),('a80e24aca38dec4f66e4b6b912185ac2e388cc4a17e524bcab888d9a40562cfe1f4318b59add2dc9','2ddf6a727c9a332702d944b7e2c419f66c94353da0eeb64db94fa4f7c49a0dff43adbcb3726e096b',0,'2018-08-21 16:59:59'),('a81cd9a269f4d6433438073b94c6a31f646fa42ffddaff358d7916b9ba7e17ab062322e2f5e5decb','955ce1d09f7d3a3870b8af6c9119b6e275dcdff2cae6c982f7f624e7998fba7988cf06273c07d710',0,'2018-08-21 17:59:21'),('b26ef9e2f7adbddcdbbd6cfc507b87e5db48d8caca1caac1fd8cee79b5bf2c92fe81bdebac82ddb6','c279178515ef5deae3c14d5997cd302afdd94ac7ab49c51c6cf52be7c77f081588e14e5b24fb460a',0,'2018-08-14 18:32:47'),('b32113de88e4c12abbde7b8cc9b1ffad598c37fb48a54441f770ac7fc13b68470ee6c2ca61db7b1f','00d969360c116c000f5f15a55f15c0db3e1f8620c827dc04d8c5c10332bdfb6bffb73dcfaa8f8b3b',0,'2018-08-13 15:00:28'),('baf21c1169adffafe894449cd7db1819f9f138b5233a4ba2738becaf71ee9890e0be3edb90178b8b','46f343e0ee2a9c9bb15e568feaf51266e60c72aaa2e923bd955050051477308e779c243d240d08e6',0,'2018-08-21 16:43:27'),('bbec966e36143e71b1c5b3918fca12f2f55cbf5a79a96787535e4d2f0d4b2f8815d6734f9b49dec3','a930f3e3e4349f51c0f33c8454b23bb56ee52b3101b1ecf136bd50d0e6a25c83dc82de9e47740fbb',0,'2018-08-06 14:51:42'),('bc53173b699cf1b09e5e044b3773bb7cbc55903ff160887f37b71c69a71909524fda44ac5dd0880a','4484c6a84cd18407b5ea369679b118b8ea48f67c7dfeceaa4a29c632b6d27714b424ebe2cafdfb8a',0,'2018-08-13 16:53:34'),('bdbd507ae75172aa13226e776adee1616b61c5c659b33de14704ae1138db276f114831bf08b65371','d5cbc7a32235a51285c53468df32a20849c9861fd603a15baaf534a341a76df246750b26049125f6',0,'2018-08-21 17:25:31'),('bf6791ad61dec973897f6ceffc7b3bfdf56eb97d83bf763a1378e4140d4f58fe7a68ceec1728468f','0fd2d4de8a657e7fea2ba21c32065edc1cb4e5120ea295bc7c0df5952ee3b2d471417f2cb085afe0',0,'2018-08-21 13:02:15'),('bfb2c8ea0f0b7814f5fdb65d8087c83f40770fba3a8c955c58dc7dfbd2327f3463688ccfc78e6804','c4c4b2d6faafeaa9911b97568452208e99c6a50bbf8f08912ff5cddb23989757fe5368962284c91c',0,'2018-08-21 13:00:27'),('c6c324f8651ca477e68a18364e957e35f05ab4a66bc0e1eccb996de0ef034f212f39e960594c136f','3edd5e8baefd41db32d2f3b47d7873a334747f85b0ac0b25e9cf5658e45c726bd64a71580a1da228',0,'2018-08-21 13:08:31'),('c771deca9b86e4c43b5474cfdb9077766a6b7d0b3ffc80539648624a9d6fce00538cd15d1851f4e3','2eb3adedbe2569cce2c666708ad621900968076dcd3f796db722caf310787854d5fd2ab4d7377467',0,'2018-08-13 14:32:18'),('c9ba168553ae34aabfef29bc9a687b6e2e5cb89af8c30efb7781d084f29844e7cddd90001e9e7a5b','a69fb8347b48d160afa473134f812565bc15ff2d5c7885e3e2a0c8f6a29cbc24d043abf0ee0ac914',0,'2018-08-21 13:38:29'),('cc26efc93e630d6975f5e0b2505feb0b163eefb5a2b4a2fb0c403a8cfd80003dfa1262b59ec8a659','74b2337935a9853e2886efa1f4407f102ceb492b4e3e226599639913fe55287ad6d7b1693d5731de',0,'2018-08-21 17:54:16'),('cc945e11eaba5ce8d461339f3d7b346647b85b4d74f62d58aa5bf99f46ec9dd1863b2bf1060625c7','c47f5ed06b4873dd18873ec890bfc9cb0395f008c2148c644f5494199d9ea5772662f8f9c5015989',0,'2018-08-14 17:32:48'),('cd12cac64a54f3ea8ddb06cc843c9abf5d42e920ea9ab241969a581291d6846d6e72d129c0d7561a','7598096b9f305767002e243aca592daeeddbbe8664647659b5be7b0d421db653da7bfa692dc97b71',0,'2018-08-14 18:15:44'),('cde80995dc71e2d3ea278b3945630ea9db0d9650bebd98ed478213e30c2e606e57a258e904c54476','e1a718b84b9d75e8076779a06f5c93e0506f43b00bb237d299e6aace24e33db5f951bc9797cdcf8b',0,'2018-08-21 16:41:35'),('cfec153c44a29a43d08e599b1ead64b5ac196ec4e3060073751105d71a2a27f63391c7516ce31410','c186010e1b85fd6777059ca8f7fb8c0d9c09f8db32793d32dc587b4813654b4dc803c68f571c03b1',0,'2018-08-21 16:57:45'),('d21f146c21760e85b9d925eae5393495e1737166785057592b39a7c0c8e74beb8205db7e1c2b3cbe','f6ebb2893b129eb1876dd84f262715170829a425141dfe17a7a564584f91fe459f9426c57bcba73c',0,'2018-08-13 17:04:06'),('dadaeb5f4d024d670f1336869ff32b4b444935d8c93e9c4cd365c7377221f8ea52ce9e3a4e176de8','49828b23a14575f0d172bf545443c60c9a48be74838d9a08bbfbb556a7a225fea3ec233943598d25',0,'2018-08-21 17:57:03'),('dbfb6c418ecaa2750d97c093aa48b5b1eabfb9bdc6d7124df809fbbac0d971ab832d92f3ee909e1b','082e36249f885170cf2ebc30b0e0f4be0908354171993671ebe4d3a439edff4bf45194e817493a02',0,'2018-08-21 13:00:41'),('e07dfe3c07165d8ad288bc9552cca66d1f77875f9eb7cf5cc222ea795589511c9e78aeea32854556','a19484079063bfb42a8eafa1285aef425bac3b1c7fd0afd069c5ad04f157ea46b048f0fdcb46f920',0,'2018-08-21 13:38:06'),('e085ff7606314ee7cf5ec384da3972c954305efdc42c74a01d5e05bfb82f58b22201b2f9a0ca7a9b','3932ac9f42b6656d34e388ea5f8f88ad03d7c7520651b8b2986f8de20c36686b0f9d44d31fa62453',0,'2018-08-21 13:38:03'),('e0a7f37ee09d4ee31d5921b208f716aa11a6d789bc8a584ec7747e885a096887e2598b498b6d0504','0ff30ac9df07ad10336eaeda9e33cb181a0b5b7dd47ba800202e062ecc670fc0a01471a8a483891e',0,'2018-08-14 18:11:31'),('e2336ffc05aa8b8d63e4b1321e0fba6c93b5ada510f97e14b327e2e53f1a4f5299c5772a61eb8b0b','a7fd64c35bbde3b588f91814fa1eb0a97e4b4577ceabe09c507983b276d82dd66a18d693ef7cbcc0',0,'2018-08-21 17:27:16'),('e243a92aa2e63e79c7afdb2c6e6462d00893457dbf8f1e1d8e40befb0b4b0424c06b292f6f1b1e13','3871d3e56a6b3895924ba7ae687e72f5b2adcdadbed29f12715670981b8e90186bd08d216c8dd5c6',0,'2018-08-21 12:53:38'),('e272401c73177a80d78677ffd3b9115fa11bfc34480bc0df63f7441ceaf2c4a5ac0eef88d980ea79','a2fbd2791fb2b032b3546ee41339c725acacfedc7acc050a022ca9da97bff52afb0f4f25282c2326',0,'2018-08-21 17:26:56'),('e40b3d2eacf102009468cd8232a290a9cfedffb51be56e9322477e1547f1470da3ab62c9bd6c280d','f833796f081fa3170ef7776fe760afdbbc633b76df8b45132696b17522e545a177c8f6dfb064549b',0,'2018-08-14 18:13:12'),('e6705f369e02d80a474d0036e5e49a55b9159b5a77be4cc055598f9379d6e108d11951ab3291fe55','f7118b32253534505520ef097c9c2a5179d38fad1b25531e29f2e43036fd67c77b49e2e7471d7825',0,'2018-08-13 16:17:14'),('e8e198131e2ad48e4623fa7567e695dcc0dc87305b5713cf0d198463020af3866d55cfbe7517aae5','a67038475d2e93294222061ac9042103c0a33ced7b91e9a8738a59f4c82f16638f6cc2399dcb97c8',0,'2018-08-09 17:32:26'),('ea3fc3c0401c8fb0af18ba66606493483eb04f639ba2f0549898badb84d232de6875fce8ff0f7ded','23362e5746b93199b39fe878522176021bbafa46f599768f255296515a863d38eee6052138291f7e',0,'2018-08-13 15:13:01'),('eb94c1a54d0074744ba464b17095e65726a812f3ecdcdd9749c8181d3c49a37434a3bb0dc15b8057','e18d8be5d255dde5f42a7b2bf644dc6561d376dbb97d36e6402f311fbd97756bde4734d67986a7e6',0,'2018-08-14 18:07:27'),('f08d26e586061cda118b5c32204c9c2f6815d80114e45788680ac77c613c5dae2440b2618168dbd8','90d42e1ad463b5a32b6f5654f638344f460c8db895f6bed962b6f58ba6767286d7ebd19e5971a691',0,'2018-08-21 12:54:37'),('f28d7bed9fa4a907c20272d60ca465f46ae0cb7d89428ffba6ad9a29412f1b2a3f33eb9bf3aa1a33','373b7341678dd7c1769794dc3b087cce88964b20f049ace0d3df5998c0503bafcf0bc75c952db077',0,'2018-08-13 15:13:46'),('f3568975df108817711df8ba699e88b1ae7374e030958384f80fc2a43a0461b9eaf057bd3a47dc5d','e539b22bda64d5d2a8c9bb4c90c1e8b636477fff1c4316cc1ebaf02a35705230f65b1398527ef970',0,'2018-08-21 13:02:08'),('f43cc84bf833b62cfbd28f19492ac4f83661fe02adec5a95efdb8c2430f8f28cf6fed3db53b95ab1','9912da745e563dd3df9c7cbe97679d7e392c96c4afb15b29de4d216530f7b9f2e358b3b199484561',0,'2018-08-21 16:42:08'),('f543f1b035422a51c5c27673558bf7e395bfcc25b730d9481643f23313f9996641dda7a3f74b7c2f','5c16bd88f2fdd67b89bed1aa768a5d34cd2750c9e49c720231a7089c050c130c1b35a1b85173cbaf',0,'2018-08-21 16:54:25'),('f5db30c01fd8116c112da8df45e915f9bd432a3b229d3c5a9a54f0b8cd892a8406ce207ca0225e06','af2a60a90364e2af9dfc0ec469dc0dbdb56e95a92662aa179b79040f6a2e2b538f01d64b8cb68229',0,'2018-08-13 16:44:30'),('f5f43cc610517fec9624daa9e93a727f2f319fdae09579698490a89abd13e906ad639b31c206dfad','b2642c2e1ee839ebe4c05fe5ac944e52602af8861c3adaf1a270968b40c03e5f2726a56c2117d8ca',0,'2018-08-14 17:57:43'),('fa858d30701e8f10ae5219c07ff0f94e49f68b7ce3707ff6b8d721e5292464077014f1fa4ffafe34','6f9bfd822153221e0648c14e2376ab2257b352a653f144752f5d93f864ddc45c89402a89359c9b85',0,'2018-08-06 17:15:16'),('faa1dd1d1029a254c0d267b452a988a3bc51aeb61e1085c32c5d9c73a45ee1d5ad240bcfce8cf5b4','e08b4c2a33128cadac212e0835deb05027c7f56d09ab34e88154c42dd2b98d45fdc6a5d3bec93c11',0,'2018-08-21 12:57:05');
/*!40000 ALTER TABLE `oauth_refresh_tokens` ENABLE KEYS */;
UNLOCK TABLES;

--
-- Table structure for table `password_resets`
--

DROP TABLE IF EXISTS `password_resets`;
/*!40101 SET @saved_cs_client     = @@character_set_client */;
/*!40101 SET character_set_client = utf8 */;
CREATE TABLE `password_resets` (
  `email` varchar(255) COLLATE utf8mb4_unicode_ci NOT NULL,
  `token` varchar(255) COLLATE utf8mb4_unicode_ci NOT NULL,
  `created_at` timestamp NULL DEFAULT NULL
) ENGINE=InnoDB DEFAULT CHARSET=utf8mb4 COLLATE=utf8mb4_unicode_ci;
/*!40101 SET character_set_client = @saved_cs_client */;

--
-- Dumping data for table `password_resets`
--

LOCK TABLES `password_resets` WRITE;
/*!40000 ALTER TABLE `password_resets` DISABLE KEYS */;
/*!40000 ALTER TABLE `password_resets` ENABLE KEYS */;
UNLOCK TABLES;

--
-- Table structure for table `roles`
--

DROP TABLE IF EXISTS `roles`;
/*!40101 SET @saved_cs_client     = @@character_set_client */;
/*!40101 SET character_set_client = utf8 */;
CREATE TABLE `roles` (
  `id_rol` int(11) NOT NULL,
  `descripcion` varchar(250) NOT NULL,
  `configuracion` varchar(100) DEFAULT NULL,
  `created_at` timestamp NULL DEFAULT NULL,
  `updated_at` timestamp NULL DEFAULT NULL,
  PRIMARY KEY (`id_rol`)
) ENGINE=InnoDB DEFAULT CHARSET=utf8;
/*!40101 SET character_set_client = @saved_cs_client */;

--
-- Dumping data for table `roles`
--

LOCK TABLES `roles` WRITE;
/*!40000 ALTER TABLE `roles` DISABLE KEYS */;
INSERT INTO `roles` VALUES (1,'Administrador','0','2018-08-06 05:00:00','2018-08-06 05:00:00');
/*!40000 ALTER TABLE `roles` ENABLE KEYS */;
UNLOCK TABLES;

--
-- Table structure for table `users`
--

DROP TABLE IF EXISTS `users`;
/*!40101 SET @saved_cs_client     = @@character_set_client */;
/*!40101 SET character_set_client = utf8 */;
CREATE TABLE `users` (
  `id` int(10) unsigned NOT NULL AUTO_INCREMENT,
  `name` varchar(255) COLLATE utf8mb4_unicode_ci NOT NULL,
  `email` varchar(255) CHARACTER SET utf8 COLLATE utf8_unicode_ci NOT NULL,
  `password` varchar(255) COLLATE utf8mb4_unicode_ci NOT NULL,
  `remember_token` varchar(100) COLLATE utf8mb4_unicode_ci DEFAULT NULL,
  `id_rol` int(11) DEFAULT NULL,
  `id_status` int(11) DEFAULT NULL,
  `created_at` timestamp NULL DEFAULT NULL,
  `updated_at` timestamp NULL DEFAULT NULL,
  PRIMARY KEY (`id`),
  UNIQUE KEY `email` (`email`),
  KEY `fk_roles` (`id_rol`),
  KEY `fk_status` (`id_status`),
  CONSTRAINT `fk_roles` FOREIGN KEY (`id_rol`) REFERENCES `roles` (`id_rol`) ON UPDATE CASCADE,
  CONSTRAINT `fk_status` FOREIGN KEY (`id_status`) REFERENCES `estatus` (`id_status`) ON UPDATE CASCADE
) ENGINE=InnoDB AUTO_INCREMENT=2 DEFAULT CHARSET=utf8mb4 COLLATE=utf8mb4_unicode_ci;
/*!40101 SET character_set_client = @saved_cs_client */;

--
-- Dumping data for table `users`
--

LOCK TABLES `users` WRITE;
/*!40000 ALTER TABLE `users` DISABLE KEYS */;
INSERT INTO `users` VALUES (1,'admin','lfernandezb@chedraui.com.mx','$2y$10$hwGKTKcveYSyMZEAODZ1s.RtAzdsxcZpZeEReBVTD/sHtufPej/DG','vTv620wIsTbLQkyGyN0wN2iYsICffC4AWi6oIZ7r57E8AZMDYFpiTIVkK4QP',1,1,'2018-08-06 21:26:08','2018-08-06 21:26:08');
/*!40000 ALTER TABLE `users` ENABLE KEYS */;
UNLOCK TABLES;
/*!40103 SET TIME_ZONE=@OLD_TIME_ZONE */;

/*!40101 SET SQL_MODE=@OLD_SQL_MODE */;
/*!40014 SET FOREIGN_KEY_CHECKS=@OLD_FOREIGN_KEY_CHECKS */;
/*!40014 SET UNIQUE_CHECKS=@OLD_UNIQUE_CHECKS */;
/*!40101 SET CHARACTER_SET_CLIENT=@OLD_CHARACTER_SET_CLIENT */;
/*!40101 SET CHARACTER_SET_RESULTS=@OLD_CHARACTER_SET_RESULTS */;
/*!40101 SET COLLATION_CONNECTION=@OLD_COLLATION_CONNECTION */;
/*!40111 SET SQL_NOTES=@OLD_SQL_NOTES */;

-- Dump completed on 2018-11-14 13:51:09
